Date,Title
2023/7/1,テスラの「カイゼン」 本家トヨタ学ぶ 新旧王者の逆転劇
2023/7/8,テスラ、EV覇権へ攻勢 時価総額はトヨタの4倍
2023/7/19,日産のEV急速充電、北米でテスラ規格を採用 25年以降
2023/7/20,米テスラ4〜6月20%増益 値下げで販売増、利益率は低下
2023/9/15,テスラ、タイEV市場で新興国の壁 中国勢シェア8割
2023/10/19,テスラの7〜9月、44%減益 積極値下げも販売の伸び鈍化
2023/10/20,トヨタ、米EV充電でテスラ規格採用 日産・ホンダに続き
2023/10/20,トヨタも北米充電規格「テスラ式」に EV挽回へ転換
2023/10/30,テスラが覇権狙うEV技術、充電規格だけじゃない
2023/12/1,米EV成長減速 テスラ「サイバートラック」苦難の収益化
2023/12/13,テスラが200万台リコール、米最大級 「自動運転支援」で
2023/12/15,フランス、アジア製EVに補助金制限 テスラ車など対象外
2023/12/19,豊田自動織機、テスラ向け供給2.5倍 EV用の電動圧縮機
2023/12/27,ウーバー、テスラと日本で配車開拓 高級EVタクシー運行
2023/12/29,23年株価2倍のテスラ、忍び寄る大企業病（NY特急便） 米州総局 堀田隆文
2024/1/2,米テスラ、北陸エリアで急速充電器を無料開放 1週間
2024/1/3,EV世界販売、BYDが初めてテスラ上回る 23年10〜12月
2024/1/3,「いまBYDは無敵」 EV販売テスラ超え、カギは電池
2024/1/4,BYD、初のテスラ超え EV世界販売トップ 10～12月 電池内製、低コスト強み
2024/1/9,テスラ、自動運転で孤立 モービルアイがLiDAR内製
2024/1/11,米テスラ共同創業者「自動運転、産業機械の方が優位」
2024/1/12,テスラ、ドイツ工場を2週間休止 紅海迂回で部品不足
2024/1/17,テスラが日本で前年割れ EV後進市場､130モデルが争奪
2024/1/25,テスラ、10〜12月47%営業減益 値下げで採算悪化続く
2024/1/25,踊り場迎えたテスラ EV市場の成長減速、BYDにも後手
2024/1/25,25日のビジネス主な予定 米テスラが決算発表
2024/1/26,テスラ、なぜEV成長にブレーキ?
2024/1/26,テスラ、成長踊り場 10～12月営業益47%減 EV市場減速、中国勢台頭 「製造コスト半減」焦点
2024/1/31,イーロン・マスク氏のテスラ報酬「8兆円」は無効 米裁判所が判断
2024/2/2,テスラ219万台リコール ブレーキ表示、米販売ほぼ総数
2024/2/16,世界EVシェア､失速は米･韓･日仏の3陣営 テスラ･BYD上昇 - 日経モビリティ
2024/3/7,NY株ハイライト テスラ安値、強気派も変心 視線はトヨタへ
2024/3/19,テスラ「サイバートラック」が名古屋に 21日まで展示
2024/3/22,「非成長株」テスラ 活路は中国に（NY特急便） 米州総局 堀田隆文
2024/3/26,EV加速の伸びはテスラ、ピーク3秒持続 初速はBYD
2024/3/29,「シャオミカー」450万円でTesla対抗くっきり、発売27分で5万台受注
2024/4/1,小米がEV、テスラの半値 スマホと車つなぐ 中国発、革新の伏兵 アップル断念の夢が現実に
2024/4/2,テスラ世界販売9%減 1〜3月、約4年ぶりマイナス
2024/4/6,テスラ、低価格EVから撤退か 中国勢との競争激化で
2024/4/7,テスラが「モデル2」の開発断念か、薄利どころか設計は無理という試算
2024/4/11,テスラがインド進出へ、イーロン・マスク氏が訪印 ロイター報道
2024/4/15,テスラの踊り場とアップル AIにあって電気自動車にない速度 本社コメンテーター 中山淳史
2024/4/15,テスラが従業員10%以上削減か 米報道、EV販売減少で
2024/4/15,ヒト型ロボットに資金 米テスラなどが開発急ぐ
2024/4/16,テスラが人員削減 EV世界市場、中国「超低価格」で変調
2024/4/16,Google広告行政処分・テスラに変調・社長の住所非公開 編集者が選ぶニュース3本
2024/4/17,格安中国EV、市場揺らす テスラ、人員10%削減 米の脱炭素戦略に転機
2024/4/19,テスラ、電気自動車「モデル2」の開発断念か 利益捻出は至難の業
2024/4/22,中国で新エネ車値下げ広がる テスラと理想が価格改定
2024/4/23,テスラが24日決算発表 EV減速「マスク流」次の一手は
2024/4/24,テスラ4年ぶり減収減益 1〜3月、世界でEV販売減少
2024/4/24,テスラ、次世代EVを25年投入 マスク氏「生産前倒し」
2024/4/24,NYダウ、一進一退で始まる テスラは一時16%高
2024/4/24,日経平均907円高 テスラ株が踏んだ反発のアクセル 河井優香
2024/4/24,テスラかトヨタか 劇場にすがる米個人投資家(NY特急便) 米州総局編集委員 阿部哲也
2024/4/25,テスラ進出のクルマ大国メキシコ、米国最大輸入先の今
2024/4/25,NYダウ42ドル安、GDP前に買い手控え テスラは12%高
2024/4/29,テスラ、AI開発強化へ1.5兆円投資 自動運転見据え
2024/4/29,NYダウ、続伸で始まる テスラ一時12%上昇
2024/4/30,テスラ、中国で自動運転実用化 当局承認観測で株15%高
2024/4/30,NYダウ146ドル高、金利上昇が一服 テスラ15%高
2024/4/30,テスラ、中国で互恵構築 走行支援システムの実用化狙う
2024/5/1,テスラ、充電器部門を閉鎖 最大「標準規格」に揺らぎ
2024/5/9,米検察当局、テスラの運転支援システム巡り捜査 英報道
2024/5/9,UAW、照準はテスラの旧トヨタ工場 VW攻略で勢い
2024/5/17,テスラ拒むスウェーデン スト半年、影響避ける抜け道も
2024/5/23,テスラ、中台以外での部品生産を要請 地政学リスク回避
2024/5/26,米助言会社、テスラのマスク氏への巨額報酬案「反対」
2024/6/3,テスラ、米助言会社に再び反論 マスク氏巨額報酬巡り
2024/6/4,テスラ、関電子会社に大型蓄電池納入 電力の需給調整に
2024/6/7,編集者の視点 ｢テスラ､販売減より厄介なリスク｣など3本
2024/6/8,ノルウェー基金、テスラのマスク氏8兆円報酬に「反対」
2024/6/12,EU、中国EVに追加関税 実は6割が欧米メーカー製
2024/6/13,テスラが欧州で「モデル3」値上げへ、EU追加関税に対応
2024/6/14,テスラが株主総会 6月14日ビジネス主な予定
2024/6/14,23年の世界新車販売、テスラ「モデルY」が首位 EVで初
2024/6/14,テスラ総会、マスク氏の8兆円報酬を承認 米国で最高額
2024/6/14,テスラ、企業統治のひずみあらわ 岐路のワンマン経営
2024/6/14,製造業で生成AI活用進む テスラはヒト型ロボット導入へ
2024/6/18,テスラ、EV電池の装置メーカー提訴 企業秘密流用と主張
2024/6/20,テスラやBYDも選んだ合成皮革 共和レザー、EV開拓・服飾も強化 企業動・静
2024/6/25,車メーカーの1台利益、テスラ首位 日本勢は伸び率上位
2024/6/26,テスラ､パワーエックス充電で故障多発 EVに｢相性｣の壁
2024/6/26,テスラ、「サイバートラック」再びリコール 1万台対象
2024/6/28,パナHD､苦肉のEV電池｢日米2軸｣ テスラ向け輸出急減で
2024/7/2,テスラ世界販売4.8%減 4〜6月、2四半期連続マイナスに
2024/7/3,テスラの世界販売、半期で初の減少 米国でHVがEV逆転
2024/7/3,テスラに見るSDV戦略 CPUに余力､センサー先読み搭載
2024/7/3,NY株ハイライト テスラ10%高、今年プラス転換が視野 「ミーム株化」に警戒も
2024/7/3,パナソニックHD株反落 供給先の米テスラ販売振るわず
2024/7/6,最悪期は過ぎたか 8連騰のテスラ株(NY特急便)
2024/7/10,Tesla以外も48Vアーキテクチャーの開発に着手、背景にピーク電力の増大
2024/7/11,テスラ、アメリカ電気自動車市場で販売シェア初の5割割れ 4〜6月
2024/7/11,テスラは「ミーム株」 株価重視の経営に火種(NY特急便)
2024/7/13,テスラ、米EVシェア5割割れ 四半期で初 4～6月販売
2024/7/20,航空遅延4万便超 システム障害、テスラは工場停止
2024/7/21,23日 米テスラ、4～6月期決算発表 販売失速、自動運転に注目
2024/7/21,テスラなど4〜6月期決算本格化 今週の市場・予定 日曜夕方便
2024/7/24,テスラ4〜6月45%減益 2四半期連続、欧米中で振るわず
2024/8/20,トヨタ、国内でEV一体成型 生産コストでテスラ追う
